Timestamp,mempool-count
2016-06-14 14:45:00,25286.5
2016-06-15 13:45:00,20002
2016-06-16 12:45:00,11365
2016-06-17 11:45:00,11268
2016-06-18 10:45:00,6898.5
2016-06-19 09:45:00,1919
2016-06-20 08:45:00,1365
2016-06-21 07:45:00,3881.5
2016-06-22 06:45:00,7845.5
2016-06-23 05:45:00,10051
2016-06-24 04:45:00,10307.5
2016-06-25 03:45:00,5549.5
2016-06-26 02:45:00,1347
2016-06-27 01:45:00,922
2016-06-28 00:45:00,1631.5
2016-06-28 23:45:00,2825
2016-06-29 22:45:00,1113
2016-06-30 21:45:00,2625
2016-07-01 20:45:00,5627
2016-07-02 19:45:00,1758.5
2016-07-03 18:45:00,2158
2016-07-04 17:45:00,2756
2016-07-05 16:45:00,3987.5
2016-07-06 15:45:00,2288.5
2016-07-07 14:45:00,2434.5
2016-07-08 13:45:00,5126
2016-07-09 12:45:00,2632.5
2016-07-10 11:45:00,2537
2016-07-11 10:45:00,2456
2016-07-12 09:45:00,2251
2016-07-13 08:45:00,9068.5
2016-07-14 07:45:00,3901
2016-07-15 06:45:00,3535
2016-07-16 05:45:00,3790
2016-07-17 04:45:00,1942
2016-07-18 03:45:00,2638.5
2016-07-19 02:45:00,2263.5
2016-07-20 01:45:00,1927.5
2016-07-21 00:45:00,3027
2016-07-21 23:45:00,5966.5
2016-07-22 22:45:00,2556
2016-07-23 21:45:00,2339
2016-07-24 20:45:00,3746.5
2016-07-25 19:45:00,11016.5
2016-07-26 18:45:00,9431
2016-07-27 17:45:00,5847
2016-07-28 16:45:00,5036.5
2016-07-29 15:45:00,4078.5
2016-07-30 14:45:00,7360
2016-07-31 13:45:00,2066.5
2016-08-01 12:45:00,5233
2016-08-02 11:45:00,5361
2016-08-03 10:45:00,3506.5
2016-08-04 09:45:00,2683
2016-08-05 08:45:00,2369
2016-08-06 07:45:00,1850
2016-08-07 06:45:00,2646.5
2016-08-08 05:45:00,5462.5
2016-08-09 04:45:00,5247
2016-08-10 03:45:00,6246
2016-08-11 02:45:00,5643.5
2016-08-12 01:45:00,2878
2016-08-13 00:45:00,1871.5
2016-08-13 23:45:00,2236
2016-08-14 22:45:00,2627.5
2016-08-15 21:45:00,17453.5
2016-08-16 20:45:00,4935.5
2016-08-17 19:45:00,4914
2016-08-18 18:45:00,5603.5
2016-08-19 17:45:00,7215
2016-08-20 16:45:00,7162
2016-08-21 15:45:00,7803.5
2016-08-22 14:45:00,2028
2016-08-23 13:45:00,3497.5
2016-08-24 12:45:00,3244
2016-08-25 11:45:00,7533.5
2016-08-26 10:45:00,2510.5
2016-08-27 09:45:00,6987
2016-08-28 08:45:00,5966
2016-08-29 07:45:00,5200.5
2016-08-30 06:45:00,4064
2016-08-31 05:45:00,4120.5
2016-09-01 04:45:00,2780
2016-09-02 03:45:00,2248
2016-09-03 02:45:00,3426
2016-09-04 01:45:00,1796
2016-09-05 00:45:00,2888
2016-09-05 23:45:00,2181.5
2016-09-06 22:45:00,2452.5
2016-09-07 21:45:00,2764.5
2016-09-08 20:45:00,3846.5
2016-09-09 19:45:00,5680
2016-09-10 18:45:00,2750.5
2016-09-11 17:45:00,2103
2016-09-12 16:45:00,3483
2016-09-13 15:45:00,4218
2016-09-14 14:45:00,3828
2016-09-15 13:45:00,5832
2016-09-16 12:45:00,2737.5
2016-09-17 11:45:00,3810.5
2016-09-18 10:45:00,2711.5
2016-09-19 09:45:00,3871.5
2016-09-20 08:45:00,2917.5
2016-09-21 07:45:00,3213.5
2016-09-22 06:45:00,2325
2016-09-23 05:45:00,2188.5
2016-09-24 04:45:00,7913.5
2016-09-25 03:45:00,2012.5
2016-09-26 02:45:00,1851
2016-09-27 01:45:00,2202.5
2016-09-28 00:45:00,8881.5
2016-09-28 23:45:00,3518
2016-09-29 22:45:00,11521.5
2016-09-30 21:45:00,4801
2016-10-01 20:45:00,2462.5
2016-10-02 19:45:00,7371
2016-10-03 18:45:00,7040
2016-10-04 17:45:00,12690
2016-10-05 16:45:00,8264
2016-10-06 15:45:00,7469.5
2016-10-07 14:45:00,7594
2016-10-08 13:45:00,4919
2016-10-09 12:45:00,3275.5
2016-10-10 11:45:00,2970.5
2016-10-11 10:45:00,5817
2016-10-12 09:45:00,4620
2016-10-13 08:45:00,3435
2016-10-14 07:45:00,2980
2016-10-15 06:45:00,2958.5
2016-10-16 05:45:00,2505.5
2016-10-17 04:45:00,4878
2016-10-18 03:45:00,3432.5
2016-10-19 02:45:00,2232.5
2016-10-20 01:45:00,38915
2016-10-21 00:45:00,5675.5
2016-10-21 23:45:00,3555.5
2016-10-22 22:45:00,5673.5
2016-10-23 21:45:00,12738
2016-10-24 20:45:00,9847
2016-10-25 19:45:00,29521
2016-10-26 18:45:00,43642.5
2016-10-27 17:45:00,20889
2016-10-28 16:45:00,8119
2016-10-29 15:45:00,4103.5
2016-10-30 14:45:00,2146.5
2016-10-31 13:45:00,8737
2016-11-01 12:45:00,4563
2016-11-02 11:45:00,4383.5
2016-11-03 10:45:00,5695.5
2016-11-04 09:45:00,17171
2016-11-05 08:45:00,3676
2016-11-06 07:45:00,2580
2016-11-07 06:45:00,4166.5
2016-11-08 05:45:00,3043
2016-11-09 04:45:00,6950.5
2016-11-10 03:45:00,2699
2016-11-11 02:45:00,1898
2016-11-12 01:45:00,3358
2016-11-13 00:45:00,3899.5
2016-11-13 23:45:00,3380
2016-11-14 22:45:00,5145.5
2016-11-15 21:45:00,4455.5
2016-11-16 20:45:00,5111.5
2016-11-17 19:45:00,15202.5
2016-11-18 18:45:00,2679
2016-11-19 17:45:00,6236
2016-11-20 16:45:00,8005
2016-11-21 15:45:00,18299.5
2016-11-22 14:45:00,45546
2016-11-23 13:45:00,38680.5
2016-11-24 12:45:00,53502.5
2016-11-25 11:45:00,19189
2016-11-26 10:45:00,13182.5
2016-11-27 09:45:00,2777
2016-11-28 08:45:00,2199.5
2016-11-29 07:45:00,8707.5
2016-11-30 06:45:00,7192
2016-12-01 05:45:00,2912.5
2016-12-02 04:45:00,32558
2016-12-03 03:45:00,18429.5
2016-12-04 02:45:00,3150
2016-12-05 01:45:00,3203.5
2016-12-06 00:45:00,39524
2016-12-06 23:45:00,12966
2016-12-07 22:45:00,2924
2016-12-08 21:45:00,4500.5
2016-12-09 20:45:00,10626.5
2016-12-10 19:45:00,7215.5
2016-12-11 18:45:00,2484.5
2016-12-12 17:45:00,14144.5
2016-12-13 16:45:00,17503.5
2016-12-14 15:45:00,7280.5
2016-12-15 14:45:00,19863
2016-12-16 13:45:00,6790.5
2016-12-17 12:45:00,3895
2016-12-18 11:45:00,6171.5
2016-12-19 10:45:00,6291
2016-12-20 09:45:00,5654
2016-12-21 08:45:00,10586
2016-12-22 07:45:00,5532
2016-12-23 06:45:00,3124
2016-12-24 05:45:00,5854
2016-12-25 04:45:00,3707
2016-12-26 03:45:00,2997.5
2016-12-27 02:45:00,5676
2016-12-28 01:45:00,7587
2016-12-29 00:45:00,3946
2016-12-29 23:45:00,3856
2016-12-30 22:45:00,9084
2016-12-31 21:45:00,5448
2017-01-01 20:45:00,2117
2017-01-02 19:45:00,8156.5
2017-01-03 18:45:00,8949
2017-01-04 17:45:00,4961
2017-01-05 16:45:00,35709.5
2017-01-06 15:45:00,24228
2017-01-07 14:45:00,17335
2017-01-08 13:45:00,3164.5
2017-01-09 12:45:00,5046
2017-01-10 11:45:00,14340.5
2017-01-11 10:45:00,7554.5
2017-01-12 09:45:00,6334.5
2017-01-13 08:45:00,2974.5
2017-01-14 07:45:00,3537
2017-01-15 06:45:00,2159.5
2017-01-16 05:45:00,3167.5
2017-01-17 04:45:00,3011
2017-01-18 03:45:00,1988
2017-01-19 02:45:00,6480
2017-01-20 01:45:00,6380
2017-01-21 00:45:00,1606.5
2017-01-21 23:45:00,990.5
2017-01-22 22:45:00,1236.5
2017-01-23 21:45:00,34826.5
2017-01-24 20:45:00,61305.5
2017-01-25 19:45:00,27160
2017-01-26 18:45:00,15132.5
2017-01-27 17:45:00,4470.5
2017-01-28 16:45:00,5219
2017-01-29 15:45:00,11329
2017-01-30 14:45:00,5359
2017-01-31 13:45:00,14105
2017-02-01 12:45:00,12487.5
2017-02-02 11:45:00,17574
2017-02-03 10:45:00,62073.5
2017-02-04 09:45:00,15624.5
2017-02-05 08:45:00,5163.5
2017-02-06 07:45:00,7838.5
2017-02-07 06:45:00,52929
2017-02-08 05:45:00,39211.5
2017-02-09 04:45:00,23733
2017-02-10 03:45:00,10002
2017-02-11 02:45:00,9169
2017-02-12 01:45:00,4898
2017-02-13 00:45:00,5646.5
2017-02-13 23:45:00,12511.5
2017-02-14 22:45:00,12016.5
2017-02-15 21:45:00,10203.5
2017-02-16 20:45:00,49809.5
2017-02-17 19:45:00,24656.5
2017-02-18 18:45:00,7557.5
2017-02-19 17:45:00,17139.5
2017-02-20 16:45:00,39926.5
2017-02-21 15:45:00,58845
2017-02-22 14:45:00,82807
2017-02-23 13:45:00,97900
2017-02-24 12:45:00,57186.5
2017-02-25 11:45:00,30725
2017-02-26 10:45:00,9131.5
2017-02-27 09:45:00,6574.5
2017-02-28 08:45:00,25601
2017-03-01 07:45:00,35065
2017-03-02 06:45:00,36133
2017-03-03 05:45:00,77559
2017-03-04 04:45:00,56562.5
2017-03-05 03:45:00,45760
2017-03-06 02:45:00,45532.5
2017-03-07 01:45:00,55927.5
2017-03-08 00:45:00,57865
2017-03-08 23:45:00,58248.5
2017-03-09 22:45:00,42416.5
2017-03-10 21:45:00,44064.5
2017-03-11 20:45:00,17879.5
2017-03-12 19:45:00,28153
2017-03-13 18:45:00,40625.5
2017-03-14 17:45:00,20166.5
2017-03-15 16:45:00,24348
2017-03-16 15:45:00,29442
2017-03-17 14:45:00,18578
2017-03-18 13:45:00,3690
2017-03-19 12:45:00,3250
2017-03-20 11:45:00,7078.5
2017-03-21 10:45:00,1896.5
2017-03-22 09:45:00,9389.5
2017-03-23 08:45:00,9924.5
2017-03-24 07:45:00,8078
2017-03-25 06:45:00,4219.5
2017-03-26 05:45:00,3396.5
2017-03-27 04:45:00,4696
2017-03-28 03:45:00,13764.5
2017-03-29 02:45:00,18338.5
2017-03-30 01:45:00,9364
2017-03-31 00:45:00,4580.5
2017-03-31 23:45:00,19714
2017-04-01 22:45:00,8350
2017-04-02 21:45:00,3010
2017-04-03 20:45:00,9860.5
2017-04-04 19:45:00,42549.5
2017-04-05 18:45:00,16385.5
2017-04-06 17:45:00,11883.5
2017-04-07 16:45:00,11582
2017-04-08 15:45:00,6793
2017-04-09 14:45:00,4270
2017-04-10 13:45:00,12806
2017-04-11 12:45:00,8256.5
2017-04-12 11:45:00,14167.5
2017-04-13 10:45:00,20478
2017-04-14 09:45:00,54081
2017-04-15 08:45:00,21506
2017-04-16 07:45:00,6307
2017-04-17 06:45:00,871
2017-04-18 05:45:00,14722.5
2017-04-19 04:45:00,12238
2017-04-20 03:45:00,15682
2017-04-21 02:45:00,21788.5
2017-04-22 01:45:00,9090.5
2017-04-23 00:45:00,4254.5
2017-04-23 23:45:00,4266
2017-04-24 22:45:00,58266.5
2017-04-25 21:45:00,62217
2017-04-26 20:45:00,41443.5
2017-04-27 19:45:00,60705
2017-04-28 18:45:00,71638.5
2017-04-29 17:45:00,18322.5
2017-04-30 16:45:00,16797.5
2017-05-01 15:45:00,14427
2017-05-02 14:45:00,15662
2017-05-03 13:45:00,38056.5
2017-05-04 12:45:00,41685
2017-05-05 11:45:00,88356
2017-05-06 10:45:00,79625.5
2017-05-07 09:45:00,32979.5
2017-05-08 08:45:00,28485.5
2017-05-09 07:45:00,43867.5
2017-05-10 06:45:00,81051
2017-05-11 05:45:00,99909.5
2017-05-12 04:45:00,152459.5
2017-05-13 03:45:00,158187.5
2017-05-14 02:45:00,140170
2017-05-15 01:45:00,71524
2017-05-16 00:45:00,92966
2017-05-16 23:45:00,166408
2017-05-17 22:45:00,171491
2017-05-18 21:45:00,173974
2017-05-19 20:45:00,178640
2017-05-20 19:45:00,164376.5
2017-05-21 18:45:00,132204.5
2017-05-22 17:45:00,155162.5
2017-05-23 16:45:00,143162
2017-05-24 15:45:00,152637
2017-05-25 14:45:00,141655.5
2017-05-26 13:45:00,158056
2017-05-27 12:45:00,145676.5
2017-05-28 11:45:00,87542
2017-05-29 10:45:00,83101
2017-05-30 09:45:00,73491
2017-05-31 08:45:00,80866.5
2017-06-01 07:45:00,75496
2017-06-02 06:45:00,81148.5
2017-06-03 05:45:00,64614
2017-06-04 04:45:00,61628
2017-06-05 03:45:00,45552
2017-06-06 02:45:00,49000.5
2017-06-07 01:45:00,68361.5
2017-06-08 00:45:00,46212.5
2017-06-08 23:45:00,32690
2017-06-09 22:45:00,32755
2017-06-10 21:45:00,29565
2017-06-11 20:45:00,29908
2017-06-12 19:45:00,43668.5
2017-06-13 18:45:00,55996
2017-06-14 17:45:00,58898
2017-06-15 16:45:00,36545
2017-06-16 15:45:00,19663.5
2017-06-17 14:45:00,23451.5
2017-06-18 13:45:00,12708
2017-06-19 12:45:00,15956
2017-06-20 11:45:00,10541.5
2017-06-21 10:45:00,18590
2017-06-22 09:45:00,24349.5
2017-06-23 08:45:00,6703.5
2017-06-24 07:45:00,8706
2017-06-25 06:45:00,4465.5
2017-06-26 05:45:00,6013
2017-06-27 04:45:00,8501
2017-06-28 03:45:00,6706
2017-06-29 02:45:00,8371.5
2017-06-30 01:45:00,22095
2017-07-01 00:45:00,5219
2017-07-01 23:45:00,3054.5
2017-07-02 22:45:00,1476
2017-07-03 21:45:00,2570.5
2017-07-04 20:45:00,6935.5
2017-07-05 19:45:00,12032.5
2017-07-06 18:45:00,7434.5
2017-07-07 17:45:00,8129
2017-07-08 16:45:00,4129
2017-07-09 15:45:00,3828
2017-07-10 14:45:00,1225.5
2017-07-11 13:45:00,5982
2017-07-12 12:45:00,7051.5
2017-07-13 11:45:00,5443
2017-07-14 10:45:00,12063
2017-07-15 09:45:00,12871.5
2017-07-16 08:45:00,5263.5
2017-07-17 07:45:00,6783
2017-07-18 06:45:00,5717
2017-07-19 05:45:00,11382.5
2017-07-20 04:45:00,5855.5
2017-07-21 03:45:00,21278.5
2017-07-22 02:45:00,6653
2017-07-23 01:45:00,1862
2017-07-24 00:45:00,5944.5
2017-07-24 23:45:00,3495
2017-07-25 22:45:00,8675
2017-07-26 21:45:00,3944.5
2017-07-27 20:45:00,2695
2017-07-28 19:45:00,5756.5
2017-07-29 18:45:00,4438
2017-07-30 17:45:00,2201
2017-07-31 16:45:00,8118
2017-08-01 15:45:00,502.5
2017-08-02 14:45:00,7341
2017-08-03 13:45:00,5834
2017-08-04 12:45:00,4835
2017-08-05 11:45:00,4544.5
2017-08-06 10:45:00,2092.5
2017-08-07 09:45:00,9644
2017-08-08 08:45:00,5936.5
2017-08-09 07:45:00,11833
2017-08-10 06:45:00,18006
2017-08-11 05:45:00,23234
2017-08-12 04:45:00,30543.5
2017-08-13 03:45:00,6977.5
2017-08-14 02:45:00,8903
2017-08-15 01:45:00,37378
2017-08-16 00:45:00,40795
2017-08-16 23:45:00,49885
2017-08-17 22:45:00,21564.5
2017-08-18 21:45:00,34909
2017-08-19 20:45:00,17075
2017-08-20 19:45:00,19085.5
2017-08-21 18:45:00,50284.5
2017-08-22 17:45:00,88855
2017-08-23 16:45:00,42547
2017-08-24 15:45:00,57343
2017-08-25 14:45:00,88613.5
2017-08-26 13:45:00,77345
2017-08-27 12:45:00,23756
2017-08-28 11:45:00,26139.5
2017-08-29 10:45:00,5436.5
2017-08-30 09:45:00,5147
2017-08-31 08:45:00,2186
2017-09-01 07:45:00,13653.5
2017-09-02 06:45:00,4041
2017-09-03 05:45:00,4916.5
2017-09-04 04:45:00,4059
2017-09-05 03:45:00,6201
2017-09-06 02:45:00,1858.5
2017-09-07 01:45:00,1803.5
2017-09-08 00:45:00,7262
2017-09-08 23:45:00,1854.5
2017-09-09 22:45:00,2094
2017-09-10 21:45:00,5281
2017-09-11 20:45:00,5736.5
2017-09-12 19:45:00,2520.5
2017-09-13 18:45:00,1521.5
2017-09-14 17:45:00,31857
2017-09-15 16:45:00,16060.5
2017-09-16 15:45:00,1981.5
2017-09-17 14:45:00,2672.5
2017-09-18 13:45:00,26801
2017-09-19 12:45:00,15466
2017-09-20 11:45:00,20340.5
2017-09-21 10:45:00,4317
2017-09-22 09:45:00,2922.5
2017-09-23 08:45:00,3609.5
2017-09-24 07:45:00,3270.5
2017-09-25 06:45:00,1700
2017-09-26 05:45:00,12668.5
2017-09-27 04:45:00,6150
2017-09-28 03:45:00,3843.5
2017-09-29 02:45:00,12703.5
2017-09-30 01:45:00,1547.5
2017-10-01 00:45:00,13466.5
2017-10-01 23:45:00,15711.5
2017-10-02 22:45:00,11364
2017-10-03 21:45:00,11091
2017-10-04 20:45:00,33527
2017-10-05 19:45:00,33931
2017-10-06 18:45:00,1977
2017-10-07 17:45:00,11543.5
2017-10-08 16:45:00,4589
2017-10-09 15:45:00,12484
2017-10-10 14:45:00,18850.5
2017-10-11 13:45:00,15126.5
2017-10-12 12:45:00,9426.5
2017-10-13 11:45:00,65355.5
2017-10-14 10:45:00,22249
2017-10-15 09:45:00,9877.5
2017-10-16 08:45:00,4507.5
2017-10-17 07:45:00,14055
2017-10-18 06:45:00,6872
2017-10-19 05:45:00,16131.5
2017-10-20 04:45:00,7114
2017-10-21 03:45:00,29832
2017-10-22 02:45:00,10650.5
2017-10-23 01:45:00,22024.5
2017-10-24 00:45:00,36206
2017-10-24 23:45:00,24337
2017-10-25 22:45:00,3
2017-10-26 21:45:00,25718
2017-10-27 20:45:00,67900
2017-10-28 19:45:00,70537
2017-10-29 18:45:00,20632
2017-10-30 17:45:00,33415.5
2017-10-31 16:45:00,31456.5
2017-11-01 15:45:00,34064.5
2017-11-02 14:45:00,23777
2017-11-03 13:45:00,37575
2017-11-04 12:45:00,53467
2017-11-05 11:45:00,22510.5
2017-11-06 10:45:00,15505
2017-11-07 09:45:00,27620.5
2017-11-08 08:45:00,24259.5
2017-11-09 07:45:00,40520
2017-11-10 06:45:00,46041.5
2017-11-11 05:45:00,98477
2017-11-12 04:45:00,138949
2017-11-13 03:45:00,127636
2017-11-14 02:45:00,98555.5
2017-11-15 01:45:00,91391.5
2017-11-16 00:45:00,70841
2017-11-16 23:45:00,56324
2017-11-17 22:45:00,52098.5
2017-11-18 21:45:00,38408.5
2017-11-19 20:45:00,24625
2017-11-20 19:45:00,27595.5
2017-11-21 18:45:00,28080
2017-11-22 17:45:00,34964
2017-11-23 16:45:00,27903.5
2017-11-24 15:45:00,42560.5
2017-11-25 14:45:00,27423
2017-11-26 13:45:00,24613.5
2017-11-27 12:45:00,28278.5
2017-11-28 11:45:00,42006
2017-11-29 10:45:00,59845.5
2017-11-30 09:45:00,57643
2017-12-01 08:45:00,44264.5
2017-12-02 07:45:00,40144
2017-12-03 06:45:00,29106
2017-12-04 05:45:00,28841
2017-12-05 04:45:00,34442.5
2017-12-06 03:45:00,53043
2017-12-07 02:45:00,109872
2017-12-08 01:45:00,173568
2017-12-09 00:45:00,156216
2017-12-09 23:45:00,103737.5
2017-12-10 22:45:00,83444
2017-12-11 21:45:00,81882.5
2017-12-12 20:45:00,100861.5
2017-12-13 19:45:00,97576.5
2017-12-14 18:45:00,105627
2017-12-15 17:45:00,115597
2017-12-16 16:45:00,124679.5
2017-12-17 15:45:00,100469.5
2017-12-18 14:45:00,108225.5
2017-12-19 13:45:00,119479
2017-12-20 12:45:00,123464.5
2017-12-21 11:45:00,122404
2017-12-22 10:45:00,138511
2017-12-23 09:45:00,97259
2017-12-24 08:45:00,88397.5
2017-12-25 07:45:00,91558
2017-12-26 06:45:00,97336
2017-12-27 05:45:00,104437.5
2017-12-28 04:45:00,106170.5
2017-12-29 03:45:00,107170
2017-12-30 02:45:00,114163
2017-12-31 01:45:00,98722.5
2018-01-01 00:45:00,86082
2018-01-01 23:45:00,82824
2018-01-02 22:45:00,87873
2018-01-03 21:45:00,97233
2018-01-04 20:45:00,90751.5
2018-01-05 19:45:00,78491.5
2018-01-06 18:45:00,68711.5
2018-01-07 17:45:00,67524
2018-01-08 16:45:00,54862.5
2018-01-09 15:45:00,41335.5
2018-01-10 14:45:00,40185.5
2018-01-11 13:45:00,34715
2018-01-12 12:45:00,38830.5
2018-01-13 11:45:00,37594
2018-01-14 10:45:00,40115
2018-01-15 09:45:00,38423
2018-01-16 08:45:00,29586
2018-01-17 07:45:00,54595.5
2018-01-18 06:45:00,50344.5
2018-01-19 05:45:00,52242
2018-01-20 04:45:00,70664
2018-01-21 03:45:00,72842.5
2018-01-22 02:45:00,67155
2018-01-23 01:45:00,55421
2018-01-24 00:45:00,61038
2018-01-24 23:45:00,48831
2018-01-25 22:45:00,39978.5
2018-01-26 21:45:00,36066
2018-01-27 20:45:00,28951
2018-01-28 19:45:00,27060.5
2018-01-29 18:45:00,16268
2018-01-30 17:45:00,21814
2018-01-31 16:45:00,14314.5
2018-02-01 15:45:00,16075
2018-02-02 14:45:00,30922.5
2018-02-03 13:45:00,11368.5
2018-02-04 12:45:00,10094.5
2018-02-05 11:45:00,7256.5
2018-02-06 10:45:00,5033
2018-02-07 09:45:00,5234.5
2018-02-08 08:45:00,6150
2018-02-09 07:45:00,5746.5
2018-02-10 06:45:00,6922
2018-02-11 05:45:00,4603
2018-02-12 04:45:00,4930.5
2018-02-13 03:45:00,4443
2018-02-14 02:45:00,5331
2018-02-15 01:45:00,1263
2018-02-16 00:45:00,2720
2018-02-16 23:45:00,2943.5
2018-02-17 22:45:00,6832.5
2018-02-18 21:45:00,5409
2018-02-19 20:45:00,4723.5
2018-02-20 19:45:00,2111
2018-02-21 18:45:00,5337.5
2018-02-22 17:45:00,2990.5
2018-02-23 16:45:00,3272
2018-02-24 15:45:00,8177.5
2018-02-25 14:45:00,1293
2018-02-26 13:45:00,3781.5
2018-02-27 12:45:00,7120
2018-02-28 11:45:00,6193.5
2018-03-01 10:45:00,3084
2018-03-02 09:45:00,1021
2018-03-03 08:45:00,5105.5
2018-03-04 07:45:00,4698
2018-03-05 06:45:00,4457.5
2018-03-06 05:45:00,3985
2018-03-07 04:45:00,4191.5
2018-03-08 03:45:00,4050.5
2018-03-09 02:45:00,2820.5
2018-03-10 01:45:00,2984
2018-03-11 00:45:00,7463
2018-03-11 23:45:00,460.5
2018-03-12 22:45:00,615
2018-03-13 21:45:00,2900.5
2018-03-14 20:45:00,785.5
2018-03-15 19:45:00,2001
2018-03-16 18:45:00,2463
2018-03-17 17:45:00,3480.5
2018-03-18 16:45:00,1073.5
2018-03-19 15:45:00,1922
2018-03-20 14:45:00,12442
2018-03-21 13:45:00,6097.5
2018-03-22 12:45:00,1721
2018-03-23 11:45:00,4551.5
2018-03-24 10:45:00,1536
2018-03-25 09:45:00,441.5
2018-03-26 08:45:00,1292.5
2018-03-27 07:45:00,2140.5
2018-03-28 06:45:00,2799.5
2018-03-29 05:45:00,469.5
2018-03-30 04:45:00,354.5
2018-03-31 03:45:00,1484
2018-04-01 02:45:00,464
2018-04-02 01:45:00,309.5
2018-04-03 00:45:00,358
2018-04-03 23:45:00,393.5
2018-04-04 22:45:00,2303
2018-04-05 21:45:00,659
2018-04-06 20:45:00,3791.5
2018-04-07 19:45:00,1002.5
2018-04-08 18:45:00,514
2018-04-09 17:45:00,7522.5
2018-04-10 16:45:00,4678.5
2018-04-11 15:45:00,4480
2018-04-12 14:45:00,16560.5
2018-04-13 13:45:00,7526.5
2018-04-14 12:45:00,7739
2018-04-15 11:45:00,1320.5
2018-04-16 10:45:00,3133
2018-04-17 09:45:00,1328.5
2018-04-18 08:45:00,1050
2018-04-19 07:45:00,1038.5
2018-04-20 06:45:00,749
2018-04-21 05:45:00,1807.5
2018-04-22 04:45:00,279.5
2018-04-23 03:45:00,450
2018-04-24 02:45:00,5939
2018-04-25 01:45:00,2967
2018-04-26 00:45:00,7194
2018-04-26 23:45:00,2259
2018-04-27 22:45:00,678
2018-04-28 21:45:00,797.5
2018-04-29 20:45:00,486.5
2018-04-30 19:45:00,2129.5
2018-05-01 18:45:00,1189.5
2018-05-02 17:45:00,10482.5
2018-05-03 16:45:00,6635
2018-05-04 15:45:00,6008.5
2018-05-05 14:45:00,711.5
2018-05-06 13:45:00,9600
2018-05-07 12:45:00,8386
2018-05-08 11:45:00,5766
2018-05-09 10:45:00,636
2018-05-10 09:45:00,2868.5
2018-05-11 08:45:00,9701.5
2018-05-12 07:45:00,969.5
2018-05-13 06:45:00,583
2018-05-14 05:45:00,901
2018-05-15 04:45:00,1382
2018-05-16 03:45:00,2638.5
2018-05-17 02:45:00,2008
2018-05-18 01:45:00,12269
2018-05-19 00:45:00,761.5
2018-05-19 23:45:00,370.5
2018-05-20 22:45:00,2296.5
2018-05-21 21:45:00,965.5
2018-05-22 20:45:00,4876.5
2018-05-23 19:45:00,4096
2018-05-24 18:45:00,1703.5
2018-05-25 17:45:00,683.5
2018-05-26 16:45:00,732.5
2018-05-27 15:45:00,787
2018-05-28 14:45:00,2883.5
2018-05-29 13:45:00,3003.5
2018-05-30 12:45:00,880.5
2018-05-31 11:45:00,2064.5
2018-06-01 10:45:00,4448
2018-06-02 09:45:00,2145
2018-06-03 08:45:00,472.5
2018-06-04 07:45:00,3134.5
2018-06-05 06:45:00,369.5
2018-06-06 05:45:00,863.5
2018-06-07 04:45:00,3465.5
2018-06-08 03:45:00,4739
2018-06-09 02:45:00,325.5
2018-06-10 01:45:00,2535.5
2018-06-11 00:45:00,266.5
2018-06-11 23:45:00,1165.5
2018-06-12 22:45:00,3043
2018-06-13 21:45:00,12281
2018-06-14 20:45:00,7905.5
2018-06-15 19:45:00,511.5
2018-06-16 18:45:00,1292
2018-06-17 17:45:00,1832
2018-06-18 16:45:00,6070
2018-06-19 15:45:00,8938.5
2018-06-20 14:45:00,11592.5
2018-06-21 13:45:00,711.5
2018-06-22 12:45:00,7636
2018-06-23 11:45:00,765.5
2018-06-24 10:45:00,782
2018-06-25 09:45:00,3371
2018-06-26 08:45:00,1849
2018-06-27 07:45:00,3071.5
2018-06-28 06:45:00,760.5
2018-06-29 05:45:00,1013
2018-06-30 04:45:00,1204.5
2018-07-01 03:45:00,782
2018-07-02 02:45:00,1797
2018-07-03 01:45:00,2830.5
2018-07-04 00:45:00,3424.5
2018-07-04 23:45:00,1922.5
2018-07-05 22:45:00,6796.5
2018-07-06 21:45:00,1404
2018-07-07 20:45:00,1158.5
2018-07-08 19:45:00,2261
2018-07-09 18:45:00,2066.5
2018-07-10 17:45:00,4924
2018-07-11 16:45:00,2502.5
2018-07-12 15:45:00,9555
2018-07-13 14:45:00,13477
2018-07-14 13:45:00,7672.5
2018-07-15 12:45:00,1136.5
2018-07-16 11:45:00,7882
2018-07-17 10:45:00,4742.5
2018-07-18 09:45:00,2467
2018-07-19 08:45:00,635.5
2018-07-20 07:45:00,695.5
2018-07-21 06:45:00,1567
2018-07-22 05:45:00,491
2018-07-23 04:45:00,522
2018-07-24 03:45:00,750.5
2018-07-25 02:45:00,949
2018-07-26 01:45:00,2138
2018-07-27 00:45:00,877.5
2018-07-27 23:45:00,544
2018-07-28 22:45:00,1181.5
2018-07-29 21:45:00,1633.5
2018-07-30 20:45:00,1047
2018-07-31 19:45:00,2005
2018-08-01 18:45:00,2798.5
2018-08-02 17:45:00,628.5
2018-08-03 16:45:00,4751.5
2018-08-04 15:45:00,3677.5
2018-08-05 14:45:00,2095.5
2018-08-06 13:45:00,5299.5
2018-08-07 12:45:00,3281.5
2018-08-08 11:45:00,6232.5
2018-08-09 10:45:00,556
2018-08-10 09:45:00,2109
2018-08-11 08:45:00,316.5
2018-08-12 07:45:00,805
2018-08-13 06:45:00,4516.5
2018-08-14 05:45:00,550
2018-08-15 04:45:00,1362
2018-08-16 03:45:00,1752.5
2018-08-17 02:45:00,851.5
2018-08-18 01:45:00,1771.5
2018-08-19 00:45:00,2208
2018-08-19 23:45:00,3345.5
2018-08-20 22:45:00,1099
2018-08-21 21:45:00,1324
2018-08-22 20:45:00,870.5
2018-08-23 19:45:00,1400.5
2018-08-24 18:45:00,687
2018-08-25 17:45:00,720
2018-08-26 16:45:00,740
2018-08-27 15:45:00,5330
2018-08-28 14:45:00,11907
2018-08-29 13:45:00,3311
2018-08-30 12:45:00,1397.5
2018-08-31 11:45:00,908
2018-09-01 10:45:00,2859.5
2018-09-02 09:45:00,1138.5
2018-09-03 08:45:00,964
2018-09-04 07:45:00,2427.5
2018-09-05 06:45:00,2937.5
2018-09-06 05:45:00,2980.5
2018-09-07 04:45:00,1420.5
2018-09-08 03:45:00,470.5
2018-09-09 02:45:00,522
2018-09-10 01:45:00,1367
2018-09-11 00:45:00,3586.5
2018-09-11 23:45:00,1201.5
2018-09-12 22:45:00,1049
2018-09-13 21:45:00,4079
2018-09-14 20:45:00,11807.5
2018-09-15 19:45:00,592
2018-09-16 18:45:00,2482.5
2018-09-17 17:45:00,4278.5
2018-09-18 16:45:00,7267
2018-09-19 15:45:00,885.5
2018-09-20 14:45:00,9754.5
2018-09-21 13:45:00,11510
2018-09-22 12:45:00,750
2018-09-23 11:45:00,592
2018-09-24 10:45:00,1832.5
2018-09-25 09:45:00,2856.5
2018-09-26 08:45:00,892.5
2018-09-27 07:45:00,3828
2018-09-28 06:45:00,1813
2018-09-29 05:45:00,1627
2018-09-30 04:45:00,521
2018-10-01 03:45:00,739
2018-10-02 02:45:00,1692
2018-10-03 01:45:00,913
2018-10-04 00:45:00,1220
2018-10-04 23:45:00,719.5
2018-10-05 22:45:00,4489
2018-10-06 21:45:00,3472
2018-10-07 20:45:00,14847
2018-10-08 19:45:00,5933.5
2018-10-09 18:45:00,4401.5
2018-10-10 17:45:00,2623.5
2018-10-11 16:45:00,3535.5
2018-10-12 15:45:00,14040.5
2018-10-13 14:45:00,8051.5
2018-10-14 13:45:00,6258.5
2018-10-15 12:45:00,5911.5
2018-10-16 11:45:00,2356
2018-10-17 10:45:00,739
2018-10-18 09:45:00,5511.5
2018-10-19 08:45:00,2447
2018-10-20 07:45:00,709.5
2018-10-21 06:45:00,573.5
2018-10-22 05:45:00,803
2018-10-23 04:45:00,3574.5
2018-10-24 03:45:00,6903.5
2018-10-25 02:45:00,737
2018-10-26 01:45:00,1436
2018-10-27 00:45:00,5061.5
2018-10-27 23:45:00,904.5
2018-10-28 22:45:00,566
2018-10-29 21:45:00,9028.5
2018-10-30 20:45:00,3469
2018-10-31 19:45:00,2678
2018-11-01 18:45:00,3464
2018-11-02 17:45:00,13013.5
2018-11-03 16:45:00,2925
2018-11-04 15:45:00,9400.5
2018-11-05 14:45:00,8470.5
2018-11-06 13:45:00,19070
2018-11-07 12:45:00,7901.5
2018-11-08 11:45:00,2407
2018-11-09 10:45:00,6377.5
2018-11-10 09:45:00,762.5
2018-11-11 08:45:00,1043
2018-11-12 07:45:00,6003.5
2018-11-13 06:45:00,9621
2018-11-14 05:45:00,3857.5
2018-11-15 04:45:00,10037
2018-11-16 03:45:00,14190
2018-11-17 02:45:00,3342.5
2018-11-18 01:45:00,1454.5
2018-11-19 00:45:00,1434
2018-11-19 23:45:00,33456
2018-11-20 22:45:00,23777
2018-11-21 21:45:00,20686.5
2018-11-22 20:45:00,3301
2018-11-23 19:45:00,1381
2018-11-24 18:45:00,13418
2018-11-25 17:45:00,11180
2018-11-26 16:45:00,12776
2018-11-27 15:45:00,11846
2018-11-28 14:45:00,8052.5
2018-11-29 13:45:00,18581.5
2018-11-30 12:45:00,8391.5
2018-12-01 11:45:00,4711
2018-12-02 10:45:00,956.5
2018-12-03 09:45:00,3851
2018-12-04 08:45:00,8561
2018-12-05 07:45:00,2463
2018-12-06 06:45:00,1299.5
2018-12-07 05:45:00,7649.5
2018-12-08 04:45:00,3788.5
2018-12-09 03:45:00,1084
2018-12-10 02:45:00,3320
2018-12-11 01:45:00,7664.5
2018-12-12 00:45:00,1697.5
2018-12-12 23:45:00,4097.5
2018-12-13 22:45:00,1593
2018-12-14 21:45:00,4387
2018-12-15 20:45:00,1697
2018-12-16 19:45:00,3463.5
2018-12-17 18:45:00,8090.5
2018-12-18 17:45:00,15866
2018-12-19 16:45:00,14136.5
2018-12-20 15:45:00,5583.5
2018-12-21 14:45:00,10750.5
2018-12-22 13:45:00,5425
2018-12-23 12:45:00,2079.5
2018-12-24 11:45:00,834.5
2018-12-25 10:45:00,4249
2018-12-26 09:45:00,889.5
2018-12-27 08:45:00,2178
2018-12-28 07:45:00,1033.5
2018-12-29 06:45:00,1846
2018-12-30 05:45:00,2855
2018-12-31 04:45:00,1379.5
2019-01-01 03:45:00,962.5
2019-01-02 02:45:00,1556
2019-01-03 01:45:00,961
2019-01-04 00:45:00,869
2019-01-04 23:45:00,4894
2019-01-05 22:45:00,6923
2019-01-06 21:45:00,3049
2019-01-07 20:45:00,7348
2019-01-08 19:45:00,1492
2019-01-09 18:45:00,2509.5
2019-01-10 17:45:00,5572.5
2019-01-11 16:45:00,7968
2019-01-12 15:45:00,2069.5
2019-01-13 14:45:00,4155.5
2019-01-14 13:45:00,5761
2019-01-15 12:45:00,4861
2019-01-16 11:45:00,2310
2019-01-17 10:45:00,2844.5
2019-01-18 09:45:00,6230
2019-01-19 08:45:00,2969
2019-01-20 07:45:00,1570.5
2019-01-21 06:45:00,3063.5
2019-01-22 05:45:00,1513.5
2019-01-23 04:45:00,770.5
2019-01-24 03:45:00,5146
2019-01-25 02:45:00,1008
2019-01-26 01:45:00,4629.5
2019-01-27 00:45:00,3375.5
2019-01-27 23:45:00,614.5
2019-01-28 22:45:00,5423
2019-01-29 21:45:00,1461.5
2019-01-30 20:45:00,3228.5
2019-01-31 19:45:00,0
2019-02-01 18:45:00,8701
2019-02-02 17:45:00,3929.5
2019-02-03 16:45:00,1093
2019-02-04 15:45:00,7178.5
2019-02-05 14:45:00,2584
2019-02-06 13:45:00,4791.5
2019-02-07 12:45:00,6480
2019-02-08 11:45:00,11976.5
2019-02-09 10:45:00,697
2019-02-10 09:45:00,859
2019-02-11 08:45:00,827.5
2019-02-12 07:45:00,18466
2019-02-13 06:45:00,12194.5
2019-02-14 05:45:00,1737.5
2019-02-15 04:45:00,2080
2019-02-16 03:45:00,17947.5
2019-02-17 02:45:00,6231
2019-02-18 01:45:00,1409.5
2019-02-19 00:45:00,3010
2019-02-19 23:45:00,6041
2019-02-20 22:45:00,6982
2019-02-21 21:45:00,19631
2019-02-22 20:45:00,2480
2019-02-23 19:45:00,3972.5
2019-02-24 18:45:00,14139
2019-02-25 17:45:00,26281
2019-02-26 16:45:00,9353
2019-02-27 15:45:00,974
2019-02-28 14:45:00,19790.5
2019-03-01 13:45:00,22647.5
2019-03-02 12:45:00,2918
2019-03-03 11:45:00,5806.5
2019-03-04 10:45:00,7871
2019-03-05 09:45:00,1395.5
2019-03-06 08:45:00,9666.5
2019-03-07 07:45:00,6325.5
2019-03-08 06:45:00,4028.5
2019-03-09 05:45:00,2817
2019-03-10 04:45:00,735
2019-03-11 03:45:00,1331
2019-03-12 02:45:00,4201.5
2019-03-13 01:45:00,2456
2019-03-14 00:45:00,6924.5
2019-03-14 23:45:00,2281.5
2019-03-15 22:45:00,5139
2019-03-16 21:45:00,3860
2019-03-17 20:45:00,1010.5
2019-03-18 19:45:00,12234
2019-03-19 18:45:00,2303.5
2019-03-20 17:45:00,9555.5
2019-03-21 16:45:00,9029.5
2019-03-22 15:45:00,4250
2019-03-23 14:45:00,787
2019-03-24 13:45:00,2617.5
2019-03-25 12:45:00,2329.5
2019-03-26 11:45:00,8116.5
2019-03-27 10:45:00,11985
2019-03-28 09:45:00,14187.5
2019-03-29 08:45:00,15896.5
2019-03-30 07:45:00,10508
2019-03-31 06:45:00,9974.5
2019-04-01 05:45:00,12998.5
2019-04-02 04:45:00,39063
2019-04-03 03:45:00,42827
2019-04-04 02:45:00,65476.5
2019-04-05 01:45:00,43054
2019-04-06 00:45:00,8320
2019-04-06 23:45:00,3868.5
2019-04-07 22:45:00,3731
2019-04-08 21:45:00,8896
2019-04-09 20:45:00,24311.5
2019-04-10 19:45:00,8556
2019-04-11 18:45:00,15475.5
2019-04-12 17:45:00,5219.5
2019-04-13 16:45:00,7851.5
2019-04-14 15:45:00,13250
2019-04-15 14:45:00,17608
2019-04-16 13:45:00,21292
2019-04-17 12:45:00,26344.5
2019-04-18 11:45:00,17001.5
2019-04-19 10:45:00,15051.5
2019-04-20 09:45:00,10709
2019-04-21 08:45:00,4480
2019-04-22 07:45:00,14350
2019-04-23 06:45:00,27868.5
2019-04-24 05:45:00,41399.5
2019-04-25 04:45:00,11944
2019-04-26 03:45:00,13211.5
2019-04-27 02:45:00,10955.5
2019-04-28 01:45:00,1839.5
2019-04-29 00:45:00,2120.5
2019-04-29 23:45:00,4096.5
2019-04-30 22:45:00,22069.5
2019-05-01 21:45:00,9065
2019-05-02 20:45:00,13168.5
2019-05-03 19:45:00,34328
2019-05-04 18:45:00,19372.5
2019-05-05 17:45:00,9582
2019-05-06 16:45:00,28298.5
2019-05-07 15:45:00,25244.5
2019-05-08 14:45:00,22750.5
2019-05-09 13:45:00,24383
2019-05-10 12:45:00,42085.5
2019-05-11 11:45:00,27298.5
2019-05-12 10:45:00,13515
2019-05-13 09:45:00,12306
2019-05-14 08:45:00,11288
2019-05-15 07:45:00,28256.5
2019-05-16 06:45:00,50610.5
2019-05-17 05:45:00,48314.5
2019-05-18 04:45:00,26841.5
2019-05-19 03:45:00,15194.5
2019-05-20 02:45:00,3548.5
2019-05-21 01:45:00,13087
2019-05-22 00:45:00,21440.5
2019-05-22 23:45:00,6607.5
2019-05-23 22:45:00,8720.5
2019-05-24 21:45:00,23615.5
2019-05-25 20:45:00,18011
2019-05-26 19:45:00,3201
2019-05-27 18:45:00,22120
2019-05-28 17:45:00,39432
2019-05-29 16:45:00,4141.5
2019-05-30 15:45:00,35684
2019-05-31 14:45:00,59997.5
2019-06-01 13:45:00,8857.5
2019-06-02 12:45:00,3184
2019-06-03 11:45:00,29693.5
2019-06-04 10:45:00,27883.5
2019-06-05 09:45:00,3870
2019-06-06 08:45:00,5159.5
2019-06-07 07:45:00,3405
2019-06-08 06:45:00,6688.5
2019-06-09 05:45:00,6286.5
2019-06-10 04:45:00,5152.5
2019-06-11 03:45:00,12056
2019-06-12 02:45:00,3627.5
2019-06-13 01:45:00,14494.5
2019-06-14 00:45:00,4638.5
2019-06-14 23:45:00,6615
2019-06-15 22:45:00,2915.5
2019-06-16 21:45:00,19416.5
2019-06-17 20:45:00,46068.5
2019-06-18 19:45:00,22470
2019-06-19 18:45:00,2905
2019-06-20 17:45:00,40870.5
2019-06-21 16:45:00,47233
2019-06-22 15:45:00,60729.5
2019-06-23 14:45:00,3918.5
2019-06-24 13:45:00,13445.5
2019-06-25 12:45:00,23692.5
2019-06-26 11:45:00,38212
2019-06-27 10:45:00,70173
2019-06-28 09:45:00,43508.5
2019-06-29 08:45:00,4480
2019-06-30 07:45:00,4724
2019-07-01 06:45:00,10530
2019-07-02 05:45:00,20942
2019-07-03 04:45:00,2945
2019-07-04 03:45:00,913.5
2019-07-05 02:45:00,2138.5
2019-07-06 01:45:00,1495.5
2019-07-07 00:45:00,637
2019-07-07 23:45:00,3675
2019-07-08 22:45:00,856.5
2019-07-09 21:45:00,11416
2019-07-10 20:45:00,35703
2019-07-11 20:00:00,38350
2019-07-12 19:00:00,16541
2019-07-13 18:00:00,7485.5
2019-07-14 17:00:00,4683.5
2019-07-15 16:00:00,23333.5
2019-07-16 15:00:00,1041.5
2019-07-17 14:00:00,16541
2019-07-18 13:00:00,26447.5
2019-07-19 12:00:00,35465
2019-07-20 11:30:00,830
2019-07-21 10:30:00,4127.5
2019-07-22 09:30:00,1065
2019-07-23 08:30:00,5444.5
2019-07-24 07:30:00,1585.5
2019-07-25 06:30:00,1406.5
2019-07-26 05:30:00,1344.5
2019-07-27 04:30:00,4296.5
2019-07-28 03:30:00,2442.5
2019-07-29 02:30:00,1090
2019-07-30 01:30:00,1231.5
2019-07-31 00:30:00,4762.5
2019-07-31 23:30:00,3010.5
2019-08-01 22:30:00,13174.5
2019-08-02 21:30:00,4760.5
2019-08-03 20:30:00,3889
2019-08-04 19:30:00,723
2019-08-05 18:30:00,14951.5
2019-08-06 17:30:00,7510
2019-08-07 16:30:00,16261
2019-08-08 15:30:00,15743.5
2019-08-09 14:30:00,11166.5
2019-08-10 13:30:00,5838.5
2019-08-11 12:30:00,1212
2019-08-12 11:30:00,9949
2019-08-13 10:30:00,9096
2019-08-14 09:30:00,5501
2019-08-15 08:30:00,2186
2019-08-16 07:30:00,8355
2019-08-17 06:30:00,1477
2019-08-18 05:30:00,1484.5
2019-08-19 04:30:00,1536.5
2019-08-20 03:30:00,2223
2019-08-21 02:30:00,4516.5
2019-08-22 01:30:00,4125
2019-08-23 00:30:00,845.5
2019-08-23 23:30:00,3018
2019-08-24 22:30:00,3278
2019-08-25 21:30:00,2013.5
2019-08-26 20:30:00,11741
2019-08-27 19:30:00,4503
2019-08-28 18:30:00,17394.5
2019-08-29 17:30:00,7830
2019-08-30 16:30:00,8002.5
2019-08-31 15:30:00,944
2019-09-01 14:30:00,1410.5
2019-09-02 13:30:00,17978.5
2019-09-03 12:30:00,2096
2019-09-04 11:30:00,13215.5
2019-09-05 10:30:00,4513.5
2019-09-06 09:30:00,5130
2019-09-07 08:30:00,3892.5
2019-09-08 07:30:00,1623
2019-09-09 06:30:00,2351
2019-09-10 05:30:00,795
2019-09-11 04:30:00,4483
2019-09-12 03:30:00,1858
2019-09-13 02:30:00,6560.5
2019-09-14 01:30:00,4813
2019-09-15 00:30:00,4854
2019-09-15 23:30:00,3556.5
2019-09-16 22:30:00,3262
2019-09-17 21:30:00,11089.5
2019-09-18 20:30:00,4998.5
2019-09-19 19:30:00,6171
2019-09-20 18:30:00,9007
2019-09-21 17:30:00,1119
2019-09-22 16:30:00,7057.5
2019-09-23 15:30:00,28044.5
2019-09-24 14:30:00,8350
2019-09-25 13:30:00,14899
2019-09-26 12:30:00,5368
2019-09-27 11:30:00,4238
2019-09-28 10:30:00,2414.5
2019-09-29 09:30:00,2933
2019-09-30 08:30:00,3372.5
2019-10-01 07:30:00,4571
2019-10-02 06:30:00,1080
2019-10-03 05:30:00,2135
2019-10-04 04:30:00,4404
2019-10-05 03:30:00,5563
2019-10-06 02:30:00,799.5
2019-10-07 01:30:00,5167
2019-10-08 00:30:00,1148
2019-10-08 23:30:00,2475.5
2019-10-09 22:30:00,6294.5
2019-10-10 21:30:00,1734
2019-10-11 20:30:00,18078
2019-10-12 19:30:00,3078
2019-10-13 18:30:00,3481
2019-10-14 17:30:00,16368
2019-10-15 16:30:00,7277.5
2019-10-16 15:30:00,10496.5
2019-10-17 14:30:00,18603.5
2019-10-18 13:30:00,17104
2019-10-19 12:30:00,3039.5
2019-10-20 11:30:00,812.5
2019-10-21 10:30:00,5121
2019-10-22 09:30:00,13570
2019-10-23 08:30:00,4215.5
2019-10-24 07:30:00,2840
2019-10-25 06:30:00,8765
2019-10-26 05:30:00,9836
2019-10-27 04:30:00,5735
2019-10-28 03:30:00,2383.5
2019-10-29 02:30:00,3217.5
2019-10-30 01:30:00,6784.5
2019-10-31 00:30:00,2127.5
2019-10-31 23:30:00,17624
2019-11-01 22:30:00,9481
2019-11-02 21:30:00,6970
2019-11-03 20:30:00,6024
2019-11-04 19:30:00,18067
2019-11-05 18:30:00,11648.5
2019-11-06 17:30:00,11751
2019-11-07 16:30:00,10553
2019-11-08 15:30:00,12339.5
2019-11-09 14:30:00,1172.5
2019-11-10 13:30:00,2609
2019-11-11 12:30:00,5838.5
2019-11-12 11:30:00,1013.5
2019-11-13 10:30:00,4919.5
2019-11-14 09:30:00,3040.5
2019-11-15 08:30:00,5946.5
2019-11-16 07:30:00,4452
2019-11-17 06:30:00,3522.5
2019-11-18 05:30:00,3121.5
2019-11-19 04:30:00,4939
2019-11-20 03:30:00,3134.5
2019-11-21 02:30:00,3710
2019-11-22 01:30:00,4879.5
2019-11-23 00:30:00,579
2019-11-23 23:30:00,894
2019-11-24 22:30:00,1215.5
2019-11-25 21:30:00,42543
2019-11-26 20:30:00,17363
2019-11-27 19:30:00,8111.5
2019-11-28 18:30:00,2534.5
2019-11-29 17:30:00,25778.5
2019-11-30 16:30:00,11168.5
2019-12-01 15:30:00,1269.5
2019-12-02 14:30:00,6601
2019-12-03 13:30:00,3971
2019-12-04 12:30:00,1758.5
2019-12-05 11:30:00,1098
2019-12-06 10:30:00,3861.5
2019-12-07 09:30:00,2193.5
2019-12-08 08:30:00,1384
2019-12-09 07:30:00,1393
2019-12-10 06:30:00,693.5
2019-12-11 05:30:00,7781.5
2019-12-12 04:30:00,1767.5
2019-12-13 03:30:00,4227.5
2019-12-14 02:30:00,1599.5
2019-12-15 01:30:00,2119.5
2019-12-16 00:30:00,4286.5
2019-12-16 23:30:00,2634.5
2019-12-17 22:30:00,16000
2019-12-18 21:30:00,15069
2019-12-19 20:30:00,10660
2019-12-20 19:30:00,4062.5
2019-12-21 18:30:00,2955.5
2019-12-22 17:30:00,2230
2019-12-23 16:30:00,11721
2019-12-24 15:30:00,5955
2019-12-25 14:30:00,2295
2019-12-26 13:30:00,8814.5
2019-12-27 12:30:00,4107
2019-12-28 11:30:00,921
2019-12-29 10:30:00,1831.5
2019-12-30 09:30:00,2881.5
2019-12-31 08:30:00,2786
2020-01-01 07:30:00,733
2020-01-02 06:30:00,1374.5
2020-01-03 05:30:00,956
2020-01-04 04:30:00,701.5
2020-01-05 03:30:00,4388
2020-01-06 02:30:00,2307
2020-01-07 01:30:00,922
2020-01-08 00:30:00,1151
2020-01-08 23:30:00,10878
2020-01-09 22:30:00,1111
2020-01-10 21:30:00,5133
2020-01-11 20:30:00,4089
2020-01-12 19:30:00,5604.5
2020-01-13 18:30:00,21148.5
2020-01-14 17:30:00,9935
2020-01-15 16:30:00,6217
2020-01-16 15:30:00,1944
2020-01-17 14:30:00,9762
2020-01-18 13:30:00,2812
2020-01-19 12:30:00,1672
2020-01-20 11:30:00,1550
2020-01-21 10:30:00,3254.5
2020-01-22 09:30:00,6213
2020-01-23 08:30:00,1236.5
2020-01-24 07:30:00,3518
2020-01-25 06:30:00,651
2020-01-26 05:30:00,2871
2020-01-27 04:30:00,2277.5
2020-01-28 03:30:00,13088
2020-01-29 02:30:00,4755
2020-01-30 01:30:00,957.5
2020-01-31 00:30:00,5045
2020-01-31 23:30:00,2285.5
2020-02-01 22:30:00,9548
2020-02-02 21:30:00,1907
2020-02-03 20:30:00,10730
2020-02-04 19:30:00,24193
2020-02-05 18:30:00,6533.5
2020-02-06 17:30:00,11909
2020-02-07 16:30:00,14940
2020-02-08 15:30:00,6405.5
2020-02-09 14:30:00,5156.5
2020-02-10 13:30:00,15911.5
2020-02-11 12:30:00,11054
2020-02-12 11:30:00,23789
2020-02-13 11:00:00,7663.5
2020-02-14 10:00:00,4462.5
2020-02-15 09:00:00,7400
2020-02-16 08:00:00,4258.5
2020-02-17 07:00:00,4198.5
2020-02-18 06:00:00,1478.5
2020-02-19 05:00:00,2665
2020-02-20 04:00:00,8397
2020-02-21 03:00:00,1555
2020-02-22 02:00:00,2825.5
2020-02-23 01:00:00,555.5
2020-02-24 00:00:00,5392.5
2020-02-24 23:00:00,4562
2020-02-25 22:00:00,6763.5
2020-02-26 21:00:00,10422.5
2020-02-27 20:00:00,3417.5
2020-02-28 19:00:00,5426.5
2020-02-29 18:00:00,900.5
2020-03-01 17:00:00,1580
2020-03-02 16:00:00,20895
2020-03-03 15:00:00,14965
2020-03-04 14:00:00,3709.5
2020-03-05 13:00:00,3978.5
2020-03-06 12:00:00,14339
2020-03-07 11:00:00,4261
2020-03-08 10:00:00,1066.5
2020-03-09 09:00:00,1352
2020-03-10 08:00:00,1447
2020-03-11 07:00:00,2628.5
2020-03-12 06:00:00,2526.5
2020-03-13 05:00:00,27503.5
2020-03-14 06:00:00,11184.5
2020-03-15 05:00:00,703
2020-03-16 04:00:00,2106
2020-03-17 03:00:00,11944.5
2020-03-18 02:00:00,2744
2020-03-19 01:00:00,28669
2020-03-20 00:00:00,40596
2020-03-20 23:00:00,25333
2020-03-21 22:00:00,1554
2020-03-22 21:00:00,1337.5
2020-03-23 20:00:00,23573.5
2020-03-24 19:00:00,11765
2020-03-25 18:00:00,50178
2020-03-26 17:30:00,1135.5
2020-03-27 16:30:00,20358
2020-03-28 15:30:00,7718
2020-03-29 14:30:00,569.5
2020-03-30 13:30:00,11396
2020-03-31 12:30:00,4074.5
2020-04-01 11:30:00,4115.5
2020-04-02 10:30:00,3088
2020-04-03 09:30:00,5580
2020-04-04 08:30:00,1520.5
2020-04-05 07:30:00,882
2020-04-06 06:30:00,2546
2020-04-07 05:30:00,4632.5
2020-04-08 04:30:00,899
2020-04-09 03:30:00,653.5
2020-04-10 02:30:00,803
2020-04-11 01:30:00,1229
2020-04-12 00:30:00,606.5
2020-04-12 23:30:00,5572
2020-04-13 22:30:00,645.5
2020-04-14 21:30:00,16977
2020-04-15 20:30:00,1813.5
2020-04-16 19:30:00,7210.5
2020-04-17 18:30:00,25723
2020-04-18 17:30:00,563
2020-04-19 16:30:00,2594.5
2020-04-20 15:30:00,6158.5
2020-04-21 14:30:00,5344.5
2020-04-22 13:30:00,23926.5
2020-04-23 12:30:00,5493
2020-04-24 11:30:00,5578.5
2020-04-25 10:30:00,9480.5
2020-04-26 09:30:00,2015
2020-04-27 08:30:00,4645
2020-04-28 07:30:00,1210.5
2020-04-29 06:30:00,2092.5
2020-04-30 05:30:00,21290
2020-05-01 04:30:00,47940
2020-05-02 03:30:00,19927
2020-05-03 02:30:00,5158
2020-05-04 01:30:00,693.5
2020-05-05 00:30:00,4207
2020-05-05 23:30:00,3412
2020-05-06 22:30:00,20436.5
2020-05-07 21:30:00,20211
2020-05-08 20:30:00,45473.5
2020-05-09 19:30:00,23874
2020-05-10 18:30:00,7616
2020-05-11 17:30:00,17752.5
2020-05-12 16:30:00,17563
2020-05-13 15:30:00,27692.5
2020-05-14 14:30:00,65236.5
2020-05-15 13:30:00,59274
2020-05-16 12:30:00,38915.5
2020-05-17 11:30:00,27284.5
2020-05-18 10:30:00,21405
2020-05-19 09:30:00,36041.5
2020-05-20 08:30:00,53011.5
2020-05-21 07:30:00,34699.5
2020-05-22 06:30:00,29661